symbol,as_of,close,rsi_14,status
SPY,2026-10-08,773.9299926757812,56.73431792361735,FLAT
QQQ,2026-10-08,747.5800170898438,58.99062671084965,FLAT
IWM,2026-10-08,277.57000732421875,35.21984531507333,FLAT
DIA,2026-10-08,511.6499938964844,41.941058800005926,FLAT
^GSPC,2026-10-08,7765.35986328125,56.202149435816466,FLAT
XLF,2026-10-08,54.22999954223633,40.19014810784252,FLAT
XLE,2026-10-08,65.23999786376953,63.6763534722528,FLAT
XLK,2026-10-08,197.77999877929688,59.600402617506475,FLAT
XLY,2026-10-08,111.70999908447266,49.83867008298193,FLAT
XLP,2026-10-08,83.41999816894531,55.98181137174285,FLAT
XLV,2026-10-08,168.16000366210938,49.660316145463355,FLAT
XLI,2026-10-08,168.39999389648438,42.00587041655754,FLAT
TLT,2026-10-08,77.87000274658203,36.102702556248104,FLAT
IEF,2026-10-08,89.44999694824219,39.43168825438876,FLAT
SHY,2026-10-08,81.19999694824219,54.457738528880945,FLAT
GLD,2026-10-08,378.6199951171875,39.88049788485661,FLAT
MMM,2026-10-08,163.5800018310547,42.82028879194219,FLAT
AOS,2026-10-08,56.560001373291016,42.54577757116427,FLAT
ABT,2026-10-08,98.48999786376953,37.85541784199412,FLAT
ABBV,2026-10-08,272.4200134277344,67.05466579515198,FLAT
ACN,2026-10-08,208.36000061035156,63.130197230375394,FLAT
ADBE,2026-10-08,241.0500030517578,45.72576501464091,FLAT
AMD,2026-10-08,620.6799926757812,61.28532911098037,FLAT
AES,2026-10-08,14.930000305175781,70.00270582402112,FLAT
AFL,2026-10-08,114.94000244140625,50.54078947586495,FLAT
A,2026-10-08,168.1699981689453,59.19895463458632,FLAT
APD,2026-10-08,278.3800048828125,40.89615037194298,FLAT
ABNB,2026-10-08,163.22999572753906,48.168158336558506,FLAT
AKAM,2026-10-08,100.9000015258789,38.34367044259791,FLAT
ALB,2026-10-08,102.0999984741211,32.31945788668173,FLAT
ARE,2026-10-08,45.599998474121094,34.98629017232852,FLAT
ALGN,2026-10-08,141.02999877929688,35.84892684077582,FLAT
ALLE,2026-10-08,149.99000549316406,41.623587976312685,FLAT
LNT,2026-10-08,65.5,48.4705949393392,FLAT
ALL,2026-10-08,230.6300048828125,41.43376434064631,FLAT
GOOGL,2026-10-08,348.2900085449219,53.50378125831527,FLAT
GOOG,2026-10-08,344.8599853515625,53.323358408232814,FLAT
MO,2026-10-08,71.41999816894531,66.27876288309056,FLAT
AMZN,2026-10-08,254.05999755859375,50.815958617059835,FLAT
AMCR,2026-10-08,41.880001068115234,41.89099228576566,FLAT
AEE,2026-10-08,101.83999633789062,47.37573597397296,FLAT
AEP,2026-10-08,122.31999969482422,55.075324545029254,FLAT
AXP,2026-10-08,308.1000061035156,42.474775793095,FLAT
AIG,2026-10-08,77.05000305175781,58.75132428105173,FLAT
AMT,2026-10-08,166.72999572753906,46.34464927626834,FLAT
AWK,2026-10-08,128.17999267578125,36.214644966306494,FLAT
AMP,2026-10-08,499.0799865722656,39.19113823597075,FLAT
AME,2026-10-08,247.52000427246094,53.31189470256237,FLAT
AMGN,2026-10-08,407.44000244140625,50.49442141338076,FLAT
APH,2026-10-08,85.31999969482422,55.67202924471127,FLAT
ADI,2026-10-08,405.92999267578125,60.397635537254665,FLAT
AON,2026-10-08,277.1199951171875,36.07488729183854,FLAT
APA,2026-10-08,45.470001220703125,60.209231795325756,FLAT
APO,2026-10-08,115.30000305175781,32.146938079496394,FLAT
AAPL,2026-10-08,340.4200134277344,61.23257140137565,FLAT
AMAT,2026-10-08,509.57000732421875,55.56248787108609,FLAT
APP,2026-10-08,280.1199951171875,36.54485922599645,FLAT
APTV,2026-10-08,44.209999084472656,45.72225997056603,FLAT
ACGL,2026-10-08,96.08000183105469,51.15734032040682,FLAT
ADM,2026-10-08,82.44999694824219,51.17964922640708,FLAT
ARES,2026-10-08,116.26000213623047,33.6784814276015,FLAT
ANET,2026-10-08,210.97000122070312,60.03999682836123,FLAT
AJG,2026-10-08,234.0500030517578,46.57754121386155,FLAT
AIZ,2026-10-08,272.8599853515625,50.05240917102162,FLAT
T,2026-10-08,24.8700008392334,48.93859628106821,FLAT
ATO,2026-10-08,160.66000366210938,48.922111655173325,FLAT
ADSK,2026-10-08,233.60000610351562,58.643715376699085,FLAT
ADP,2026-10-08,270.7300109863281,55.31004219248759,FLAT
AZO,2026-10-08,2910.5400390625,52.12036499332933,FLAT
AVY,2026-10-08,167.6199951171875,42.03968084196843,FLAT
AXON,2026-10-08,417.30999755859375,36.18351198829698,FLAT
BKR,2026-10-08,56.29999923706055,42.44099349675998,FLAT
BALL,2026-10-08,58.369998931884766,46.11682814816184,FLAT
BAC,2026-10-08,53.61000061035156,24.6869627937659,FLAT
BAX,2026-10-08,23.899999618530273,47.377400993969204,FLAT
BDX,2026-10-08,182.75,54.19577195796245,FLAT
BRK-B,2026-10-08,511.04998779296875,57.771916004182955,FLAT
BBY,2026-10-08,88.4000015258789,50.624001962089174,FLAT
TECH,2026-10-08,72.44999694824219,54.98068204132664,FLAT
BIIB,2026-10-08,218.42999267578125,46.599969921970754,FLAT
BLK,2026-10-08,1065.3499755859375,45.4810192783841,FLAT
BX,2026-10-08,112.68000030517578,31.254887622244226,FLAT
XYZ,2026-10-08,75.2300033569336,44.050736986486235,FLAT
BE,2026-10-08,272.82000732421875,51.54221590217757,FLAT
BNY,2026-10-08,143.61000061035156,28.31249423913259,FLAT
BA,2026-10-08,187.75,36.05281851018218,FLAT
BKNG,2026-10-08,159.97000122070312,35.89906057062821,FLAT
BSX,2026-10-08,42.040000915527344,35.68277251994287,FLAT
BMY,2026-10-08,59.58000183105469,37.488118594469874,FLAT
AVGO,2026-10-08,360.1400146484375,49.43775262748418,FLAT
BR,2026-10-08,165.2100067138672,51.547333260333126,FLAT
BRO,2026-10-08,63.75,48.687677130692556,FLAT
BF-B,2026-10-08,26.540000915527344,51.60015530548759,FLAT
BG,2026-10-08,107.81999969482422,40.819755221721614,FLAT
BXP,2026-10-08,59.31999969482422,32.12479890543614,FLAT
CHRW,2026-10-08,141.33999633789062,42.37239758697017,FLAT
CDNS,2026-10-08,348.8399963378906,64.40974561074482,FLAT
CPT,2026-10-08,96.76000213623047,37.10402469743649,FLAT
COF,2026-10-08,199.39999389648438,45.439080742965494,FLAT
CAH,2026-10-08,238.9600067138672,62.197893086552405,FLAT
CCL,2026-10-08,26.1299991607666,62.915675178600075,FLAT
CARR,2026-10-08,55.83000183105469,45.76072884910178,FLAT
CVNA,2026-10-08,63.20000076293945,42.38166218912548,FLAT
CASY,2026-10-08,642.280029296875,47.204136874030105,FLAT
CAT,2026-10-08,796.1799926757812,43.33146368444678,FLAT
CBOE,2026-10-08,294.0799865722656,60.57531881124162,FLAT
CBRE,2026-10-08,131.0800018310547,41.07949891966119,FLAT
CDW,2026-10-08,139.8800048828125,50.34765000989792,FLAT
COR,2026-10-08,321.3500061035156,56.525617570426846,FLAT
CNC,2026-10-08,64.54000091552734,51.412887764451206,FLAT
CNP,2026-10-08,38.41999816894531,51.313499494832506,FLAT
CF,2026-10-08,113.58000183105469,34.462134361232614,FLAT
CRL,2026-10-08,298.0,56.732600905845594,FLAT
SCHW,2026-10-08,96.87000274658203,35.630754913672504,FLAT
CHTR,2026-10-08,109.66999816894531,32.52832473271647,FLAT
CVX,2026-10-08,211.5500030517578,59.21366848773948,FLAT
CMG,2026-10-08,32.68000030517578,46.977396297850525,FLAT
CB,2026-10-08,343.7799987792969,60.236513848695296,FLAT
CHD,2026-10-08,97.7300033569336,57.352790578838444,FLAT
CIEN,2026-10-08,425.92999267578125,62.72927237664662,FLAT
CI,2026-10-08,281.0299987792969,56.51942188710262,FLAT
CINF,2026-10-08,165.25,49.45291248602668,FLAT
CTAS,2026-10-08,201.1199951171875,55.59045234269184,FLAT
CSCO,2026-10-08,114.88999938964844,59.48598541488016,FLAT
C,2026-10-08,128.0800018310547,39.576915530073165,FLAT
CFG,2026-10-08,64.08999633789062,37.28479571851016,FLAT
CLX,2026-10-08,83.44000244140625,41.52211978102622,FLAT
CME,2026-10-08,276.44000244140625,58.66215636547802,FLAT
CMS,2026-10-08,65.33999633789062,48.42063612047962,FLAT
KO,2026-10-08,87.7699966430664,53.62040602023231,FLAT
CTSH,2026-10-08,60.0099983215332,53.551130136429805,FLAT
COHR,2026-10-08,302.3500061035156,48.717734910568076,FLAT
COIN,2026-10-08,172.0,42.89409854608746,FLAT
CL,2026-10-08,88.0999984741211,53.8340384247757,FLAT
CMCSA,2026-10-08,21.209999084472656,28.016039690192628,FLAT
FIX,2026-10-08,1706.3900146484375,53.52628985142989,FLAT
COP,2026-10-08,134.19000244140625,60.05927987983407,FLAT
ED,2026-10-08,105.98999786376953,54.88543778354566,FLAT
STZ,2026-10-08,123.62999725341797,59.16110663331254,FLAT
CEG,2026-10-08,285.07000732421875,56.83283192817808,FLAT
COO,2026-10-08,54.29999923706055,30.650321985903886,FLAT
CPRT,2026-10-08,27.479999542236328,39.23297941601692,FLAT
GLW,2026-10-08,152.8300018310547,47.12358470014435,FLAT
CPAY,2026-10-08,402.0799865722656,52.068028180869234,FLAT
CTVA,2026-10-08,13.75,9.086363830544741,FLAT
CSGP,2026-10-08,29.809999465942383,55.859443390667124,HOLDING
COST,2026-10-08,947.9199829101562,63.096820005489874,FLAT
CRH,2026-10-08,81.87999725341797,35.053856843056494,FLAT
CRWD,2026-10-08,263.010009765625,59.57806158466601,FLAT
CCI,2026-10-08,68.88999938964844,42.3513980715381,FLAT
CSX,2026-10-08,47.34000015258789,45.67343412424382,FLAT
CMI,2026-10-08,520.4000244140625,39.739260865589166,FLAT
CVS,2026-10-08,87.80000305175781,43.02479586628572,FLAT
DHR,2026-10-08,217.4600067138672,52.99070550541269,FLAT
DRI,2026-10-08,200.52000427246094,43.46870915043889,FLAT
DDOG,2026-10-08,273.79998779296875,64.75901369984265,FLAT
DVA,2026-10-08,177.02000427246094,43.18398824232521,FLAT
DECK,2026-10-08,82.55999755859375,52.21883590323697,FLAT
DE,2026-10-08,652.5800170898438,42.428252979149406,FLAT
DELL,2026-10-08,574.5499877929688,59.38682312033881,FLAT
DAL,2026-10-08,82.13999938964844,48.17550750141651,FLAT
DVN,2026-10-08,48.91999816894531,56.91983823166301,FLAT
DXCM,2026-10-08,84.41000366210938,43.05645292345711,FLAT
FANG,2026-10-08,191.67999267578125,50.79280637183358,FLAT
DLR,2026-10-08,176.07000732421875,41.61774781668406,FLAT
DG,2026-10-08,124.2699966430664,52.73572379864333,FLAT
DLTR,2026-10-08,118.62000274658203,52.1519161741971,FLAT
D,2026-10-08,61.75,41.85253322927131,FLAT
DPZ,2026-10-08,308.6499938964844,50.31696951480804,FLAT
DASH,2026-10-08,191.7100067138672,45.99444320259452,FLAT
DOV,2026-10-08,188.9600067138672,44.642955415598685,FLAT
DOW,2026-10-08,28.59000015258789,48.70067542106595,HOLDING
DHI,2026-10-08,135.82000732421875,44.142256663949745,FLAT
DTE,2026-10-08,127.0999984741211,47.111416831891894,FLAT
DUK,2026-10-08,116.83999633789062,50.25786428188537,FLAT
DD,2026-10-08,132.47999572753906,52.76658118708084,FLAT
ETN,2026-10-08,424.510009765625,48.81080533389089,FLAT
EBAY,2026-10-08,111.9800033569336,62.31079109312299,FLAT
ECHO,2026-10-08,93.36000061035156,51.318880874695246,FLAT
ECL,2026-10-08,281.69000244140625,56.94162722922685,FLAT
EIX,2026-10-08,54.29999923706055,39.37053889249946,FLAT
EW,2026-10-08,84.23999786376953,39.380343141938496,FLAT
ELV,2026-10-08,400.94000244140625,51.5403659004562,FLAT
EME,2026-10-08,778.239990234375,52.15555180115977,FLAT
EMR,2026-10-08,159.05999755859375,56.59541523069021,FLAT
ETR,2026-10-08,102.48999786376953,49.51059685365932,FLAT
EOG,2026-10-08,148.50999450683594,59.643835341279285,FLAT
EQT,2026-10-08,52.939998626708984,56.65489195615137,FLAT
EFX,2026-10-08,145.5399932861328,35.14510260324198,FLAT
EQIX,2026-10-08,1011.1599731445312,44.30505483675436,FLAT
ERIE,2026-10-08,226.5399932861328,44.14694545783779,FLAT
ESS,2026-10-08,268.5799865722656,42.262974918585996,FLAT
EL,2026-10-08,94.31999969482422,48.679544857869246,FLAT
EG,2026-10-08,373.1000061035156,53.27076749172345,FLAT
EVRG,2026-10-08,80.5199966430664,53.87451728285915,FLAT
P,2026-10-08,150.57000732421875,79.61975525426024,FLAT
ES,2026-10-08,65.69000244140625,44.726686962881864,FLAT
EXC,2026-10-08,41.72999954223633,47.63792058194345,FLAT
EXE,2026-10-08,88.86000061035156,47.96666747218004,FLAT
EXPE,2026-10-08,270.1300048828125,45.35551002039119,FLAT
EXPD,2026-10-08,193.7100067138672,58.234302765710375,FLAT
EXR,2026-10-08,133.1199951171875,43.05303178078455,FLAT
XOM,2026-10-08,168.5,63.54754018762199,FLAT
FFIV,2026-10-08,461.6600036621094,63.86628163205055,FLAT
FDS,2026-10-08,286.5199890136719,55.15177682473473,FLAT
FICO,2026-10-08,707.4299926757812,33.89418834431365,FLAT
FAST,2026-10-08,50.4900016784668,53.94478171673279,FLAT
FRT,2026-10-08,105.45999908447266,25.450044189400145,FLAT
FDX,2026-10-08,291.7300109863281,42.03581471278463,FLAT
FDXF,2026-10-08,115.6500015258789,43.08458442207701,FLAT
FERG,2026-10-08,216.72999572753906,40.65477316398683,FLAT
FIS,2026-10-08,34.34000015258789,40.18012914539435,FLAT
FITB,2026-10-08,50.70000076293945,38.895073676904765,FLAT
FSLR,2026-10-08,178.85000610351562,40.4588521962273,FLAT
FE,2026-10-08,44.849998474121094,51.062541320163255,FLAT
FISV,2026-10-08,45.939998626708984,41.31939612366495,FLAT
FLEX,2026-10-08,114.73999786376953,50.65338789669379,FLAT
F,2026-10-08,12.25,37.1511709965986,FLAT
FTNT,2026-10-08,189.10000610351562,68.60804561252327,FLAT
FTV,2026-10-08,56.41999816894531,48.242102922522065,FLAT
FOXA,2026-10-08,63.56999969482422,48.87840488897576,FLAT
FOX,2026-10-08,56.970001220703125,49.4384799781291,FLAT
BEN,2026-10-08,32.400001525878906,44.399041826697214,FLAT
FCX,2026-10-08,71.13999938964844,48.38727600393543,FLAT
GRMN,2026-10-08,268.44000244140625,35.97549052856459,FLAT
IT,2026-10-08,195.41000366210938,58.54787949453343,FLAT
GE,2026-10-08,305.6199951171875,35.271005462794804,FLAT
GEHC,2026-10-08,64.22000122070312,39.61181669503599,FLAT
GEV,2026-10-08,999.3499755859375,57.11544984893964,FLAT
GEN,2026-10-08,22.75,35.23584924499464,FLAT
GNRC,2026-10-08,224.39999389648438,63.59637676913252,FLAT
GD,2026-10-08,329.8999938964844,27.893363479824174,FLAT
GIS,2026-10-08,32.59000015258789,35.93652533659299,FLAT
GM,2026-10-08,82.25,49.42433481459086,FLAT
GPC,2026-10-08,128.1699981689453,47.88026483255534,FLAT
GILD,2026-10-08,147.10000610351562,50.77590887033989,FLAT
GPN,2026-10-08,82.7699966430664,44.95995333539296,FLAT
GL,2026-10-08,166.0800018310547,40.19463746562929,FLAT
GDDY,2026-10-08,103.19000244140625,57.59592351177481,FLAT
GS,2026-10-08,882.5900268554688,29.190308218574017,FLAT
HAL,2026-10-08,32.56999969482422,44.0036989795086,FLAT
HIG,2026-10-08,129.47999572753906,48.14487511023509,FLAT
HAS,2026-10-08,92.5,58.06546440511886,FLAT
HCA,2026-10-08,445.010009765625,62.97173493208288,FLAT
DOC,2026-10-08,18.520000457763672,24.50790896850789,FLAT
HSIC,2026-10-08,84.62999725341797,43.92549472346869,FLAT
HSY,2026-10-08,162.5399932861328,38.38977572295025,FLAT
HPE,2026-10-08,71.0,68.44738355784132,FLAT
HLT,2026-10-08,323.2900085449219,57.809280122100084,FLAT
HD,2026-10-08,295.4700012207031,45.80975260413887,FLAT
HONA,2026-10-08,154.00999450683594,45.93471076568748,FLAT
HON,2026-10-08,206.60000610351562,38.984349963585295,FLAT
HRL,2026-10-08,19.420000076293945,27.064891872332964,FLAT
HST,2026-10-08,22.540000915527344,55.032672202586404,FLAT
HWM,2026-10-08,222.55999755859375,36.36229276026846,FLAT
HPQ,2026-10-08,32.439998626708984,54.67482411138411,FLAT
HUBB,2026-10-08,475.3999938964844,55.66120453989334,FLAT
HUM,2026-10-08,387.1199951171875,48.33652149430566,FLAT
HBAN,2026-10-08,15.369999885559082,39.51980117313437,FLAT
HII,2026-10-08,265.0199890136719,40.65486547611358,FLAT
IBM,2026-10-08,226.61000061035156,47.73905584583248,FLAT
IEX,2026-10-08,231.75,55.23770713496987,FLAT
IDXX,2026-10-08,513.1400146484375,43.97334058616605,FLAT
ITW,2026-10-08,264.7099914550781,46.01646392198751,FLAT
ILMN,2026-10-08,264.57000732421875,57.65826271220036,FLAT
INCY,2026-10-08,112.75,31.25989917026149,FLAT
IR,2026-10-08,78.0,55.620632431844456,FLAT
PODD,2026-10-08,134.47000122070312,42.735733526926005,FLAT
INTC,2026-10-08,107.08000183105469,45.83659970954637,FLAT
IBKR,2026-10-08,86.47000122070312,42.99115999771216,FLAT
ICE,2026-10-08,155.35000610351562,53.05957803057505,FLAT
IFF,2026-10-08,84.6500015258789,52.87817765239498,FLAT
IP,2026-10-08,31.8799991607666,29.4031584291683,FLAT
INTU,2026-10-08,303.8800048828125,51.61711510134997,FLAT
ISRG,2026-10-08,415.4100036621094,63.03143430936105,FLAT
IVZ,2026-10-08,30.09000015258789,40.99171547753688,FLAT
INVH,2026-10-08,26.479999542236328,40.99469987952068,FLAT
IQV,2026-10-08,258.8800048828125,46.75365011051709,FLAT
IRM,2026-10-08,112.97000122070312,46.2569061955964,FLAT
JBHT,2026-10-08,228.4199981689453,39.40843979303176,FLAT
JBL,2026-10-08,299.1600036621094,45.25684621289799,FLAT
JKHY,2026-10-08,149.0500030517578,46.17093774273016,FLAT
J,2026-10-08,138.58999633789062,46.06440490444545,FLAT
JNJ,2026-10-08,256.4800109863281,38.384926814197634,FLAT
JCI,2026-10-08,154.0,59.69127546708763,FLAT
JPM,2026-10-08,331.4200134277344,35.417406550239434,FLAT
KVUE,2026-10-08,17.729999542236328,47.717352088921885,FLAT
KDP,2026-10-08,31.260000228881836,51.48866191293668,FLAT
KEY,2026-10-08,20.100000381469727,37.063516593953985,FLAT
KEYS,2026-10-08,374.6700134277344,63.02739839436712,FLAT
KMB,2026-10-08,97.73999786376953,44.506727961830414,FLAT
KIM,2026-10-08,22.09000015258789,34.4301779949069,FLAT
KMI,2026-10-08,32.25,59.65208602589379,FLAT
KKR,2026-10-08,89.55999755859375,29.86816589353583,FLAT
KLAC,2026-10-08,196.72000122070312,55.943147700804694,FLAT
KHC,2026-10-08,22.479999542236328,35.43004821631865,FLAT
KR,2026-10-08,61.40999984741211,59.84385173293831,FLAT
LHX,2026-10-08,236.9199981689453,33.7275669057466,FLAT
LH,2026-10-08,314.20001220703125,50.377935073345874,FLAT
LRCX,2026-10-08,320.5899963378906,52.14169985311148,FLAT
LVS,2026-10-08,36.099998474121094,22.441199277559406,FLAT
LDOS,2026-10-08,119.22000122070312,41.46848119068094,FLAT
LEN,2026-10-08,77.5999984741211,43.58726234167692,FLAT
LII,2026-10-08,361.5400085449219,41.684078754527704,FLAT
LLY,2026-10-08,1169.5999755859375,51.60207445977873,FLAT
LIN,2026-10-08,481.70001220703125,55.425862743540236,FLAT
LYV,2026-10-08,171.33999633789062,48.123287954748086,FLAT
LMT,2026-10-08,507.8900146484375,38.55321387208098,FLAT
L,2026-10-08,107.5999984741211,51.51237406328235,FLAT
LOW,2026-10-08,188.85000610351562,45.46586499004083,FLAT
LULU,2026-10-08,92.68000030517578,33.58012512735938,FLAT
LITE,2026-10-08,1048.5999755859375,58.05543490943266,FLAT
LYB,2026-10-08,60.34000015258789,49.0717415898029,FLAT
MTB,2026-10-08,217.55999755859375,32.212441885028596,FLAT
MPC,2026-10-08,463.3399963378906,79.6382918439552,FLAT
MAR,2026-10-08,361.0799865722656,59.38144887074827,FLAT
MRSH,2026-10-08,176.6699981689453,53.76878857364195,FLAT
MLM,2026-10-08,481.57000732421875,40.1437260509977,FLAT
MRVL,2026-10-08,274.6600036621094,61.23015680523819,FLAT
MAS,2026-10-08,69.5,49.84173147500159,FLAT
MA,2026-10-08,574.760009765625,56.79050446198073,FLAT
MKC,2026-10-08,45.939998626708984,35.467739739897965,FLAT
MCD,2026-10-08,236.89999389648438,39.050108612048895,FLAT
MCK,2026-10-08,930.25,62.28732324149716,FLAT
MDT,2026-10-08,87.75,46.89989569740695,FLAT
MRK,2026-10-08,142.3800048828125,44.96456167900222,FLAT
META,2026-10-08,720.8900146484375,57.55303894272776,FLAT
MET,2026-10-08,98.47000122070312,58.37235900584945,FLAT
MTD,2026-10-08,1529.4599609375,63.68490186827787,FLAT
MGM,2026-10-08,30.010000228881836,14.262162210504101,FLAT
MCHP,2026-10-08,75.5199966430664,46.87593276138472,FLAT
MU,2026-10-08,1035.8399658203125,51.213640137869234,FLAT
MSFT,2026-10-08,522.6099853515625,61.755136941966214,FLAT
MAA,2026-10-08,116.19000244140625,34.70532977015533,FLAT
MRNA,2026-10-08,197.0,63.85703733266553,FLAT
MDLZ,2026-10-08,60.66999816894531,53.504408009592794,FLAT
MPWR,2026-10-08,1369.800048828125,53.688268865273365,FLAT
MNST,2026-10-08,43.650001525878906,49.16495172330741,FLAT
MCO,2026-10-08,458.69000244140625,45.32203594876255,FLAT
MS,2026-10-08,187.44000244140625,27.982586180555387,FLAT
MOS,2026-10-08,19.729999542236328,26.79170099851659,FLAT
MSI,2026-10-08,447.1199951171875,41.274587126460446,FLAT
MSCI,2026-10-08,561.6699829101562,55.12894318575771,FLAT
NDAQ,2026-10-08,92.37000274658203,47.25173026107843,FLAT
NTAP,2026-10-08,231.0500030517578,71.805655261933,FLAT
NFLX,2026-10-08,71.56999969482422,47.19832661309469,FLAT
NEM,2026-10-08,115.55000305175781,43.274901926236595,FLAT
NWSA,2026-10-08,28.969999313354492,48.20764996448301,FLAT
NWS,2026-10-08,31.920000076293945,45.81547070144101,FLAT
NEE,2026-10-08,77.37000274658203,40.735539842742156,FLAT
NKE,2026-10-08,34.7400016784668,38.25907937341559,FLAT
NI,2026-10-08,40.529998779296875,51.09393756009626,FLAT
NDSN,2026-10-08,326.8699951171875,55.72011593746933,FLAT
NSC,2026-10-08,316.989990234375,46.436794498230306,FLAT
NTRS,2026-10-08,168.5,32.98956583257288,FLAT
NOC,2026-10-08,484.4800109863281,36.456250192171815,FLAT
NCLH,2026-10-08,15.489999771118164,52.859328392200595,FLAT
NRG,2026-10-08,106.31999969482422,51.431665921338116,FLAT
NUE,2026-10-08,246.13999938964844,47.96017061969154,FLAT
NVDA,2026-10-08,230.47999572753906,54.53071536224875,FLAT
NVR,2026-10-08,6002.5498046875,41.181837209640236,FLAT
NXPI,2026-10-08,231.07000732421875,46.637303113422355,FLAT
ORLY,2026-10-08,86.01000213623047,49.9686376608665,FLAT
OXY,2026-10-08,60.279998779296875,58.69068548515902,FLAT
ODFL,2026-10-08,181.64999389648438,48.87888782109145,FLAT
OMC,2026-10-08,76.44999694824219,46.83573365440938,FLAT
ON,2026-10-08,79.41000366210938,52.842825421241706,FLAT
OKE,2026-10-08,90.29000091552734,48.916899831265575,FLAT
ORCL,2026-10-08,135.69000244140625,41.61278912728139,FLAT
OTIS,2026-10-08,66.11000061035156,43.479225225530925,FLAT
PCAR,2026-10-08,109.66000366210938,31.912998382498458,FLAT
PKG,2026-10-08,229.94000244140625,43.55055086959707,FLAT
PLTR,2026-10-08,198.77999877929688,69.96564006677684,FLAT
PANW,2026-10-08,398.5,56.8093047596194,FLAT
PSKY,2026-10-07,8.890000343322754,36.37241561963597,FLAT
PH,2026-10-08,946.9600219726562,42.965285663454644,FLAT
PAYX,2026-10-08,104.45999908447266,41.52752293577476,FLAT
PYPL,2026-10-08,55.02000045776367,53.71832232607493,FLAT
PNR,2026-10-08,52.29999923706055,25.417071239373016,FLAT
PEP,2026-10-08,128.33999633789062,42.875890154363674,FLAT
PFE,2026-10-08,27.81999969482422,49.30736923999284,FLAT
PCG,2026-10-08,12.670000076293945,40.08301390373892,FLAT
PM,2026-10-08,200.5,68.00616540045567,FLAT
PSX,2026-10-08,281.6000061035156,74.77639451021949,FLAT
PNW,2026-10-08,97.9800033569336,60.19031768080399,FLAT
PNC,2026-10-08,219.67999267578125,30.04076902397962,FLAT
PPG,2026-10-08,105.45999908447266,43.44036065128753,FLAT
PPL,2026-10-08,34.099998474121094,59.09429864938803,FLAT
PFG,2026-10-08,109.7699966430664,39.26664791890873,FLAT
PG,2026-10-08,150.58999633789062,60.84557436289926,FLAT
PGR,2026-10-08,218.72999572753906,58.8663304277795,FLAT
PLD,2026-10-08,129.2899932861328,37.63600931070872,FLAT
PRU,2026-10-08,113.52999877929688,39.48341389770937,FLAT
PEG,2026-10-08,71.83999633789062,58.754083442843736,FLAT
PTC,2026-10-08,193.72999572753906,80.83774450653536,FLAT
PSA,2026-10-08,285.5199890136719,41.47084930950236,FLAT
PHM,2026-10-08,113.52999877929688,38.63612547001872,FLAT
PWR,2026-10-08,685.3300170898438,58.29156765228381,FLAT
QCOM,2026-10-08,176.00999450683594,44.99120494760028,FLAT
DGX,2026-10-08,230.80999755859375,43.93980443594004,FLAT
Q,2026-10-08,126.68000030517578,50.391807137189566,FLAT
RL,2026-10-08,367.3900146484375,59.215250151354915,FLAT
RJF,2026-10-08,158.60000610351562,39.33543601878577,FLAT
RDDT,2026-10-08,156.47000122070312,53.78891621135562,FLAT
RTX,2026-10-08,184.32000732421875,32.83931276325745,FLAT
O,2026-10-08,54.16999816894531,31.919714547434253,FLAT
REG,2026-10-08,71.4800033569336,34.51095168669238,FLAT
REGN,2026-10-08,739.5700073242188,38.979863293400214,FLAT
RF,2026-10-08,27.06999969482422,33.51866689295068,FLAT
RSG,2026-10-08,216.83999633789062,54.03477862162892,FLAT
RMD,2026-10-08,226.72999572753906,55.876448586574284,FLAT
RVTY,2026-10-08,152.16000366210938,63.700111161003456,FLAT
HOOD,2026-10-08,107.01000213623047,42.84216973142336,FLAT
ROK,2026-10-08,434.1400146484375,48.75178327824081,FLAT
ROL,2026-10-08,32.2599983215332,48.02654616269452,FLAT
ROP,2026-10-08,364.2300109863281,44.85946766007739,FLAT
ROST,2026-10-08,225.1999969482422,39.917735355517266,FLAT
RCL,2026-10-08,281.4100036621094,59.971247882973884,FLAT
SPGI,2026-10-08,402.7300109863281,48.05749464701973,FLAT
CRM,2026-10-08,227.8000030517578,46.92373858747743,FLAT
SNDK,2026-10-08,1609.4599609375,45.48004943392557,FLAT
SBAC,2026-10-08,170.00999450683594,46.19516198611956,FLAT
SLB,2026-10-08,48.97999954223633,39.334133148192144,FLAT
STX,2026-10-08,774.8250122070312,39.212606955147095,FLAT
SRE,2026-10-08,80.08000183105469,47.84151229462698,FLAT
NOW,2026-10-08,139.75,56.35738288016724,FLAT
SHW,2026-10-08,321.0299987792969,44.900647979282674,FLAT
SPG,2026-10-08,199.61000061035156,34.47946239611092,FLAT
SWKS,2026-10-08,80.75,47.561906827917774,FLAT
SJM,2026-10-08,119.41000366210938,47.47059450712557,FLAT
SW,2026-10-08,41.45000076293945,33.56167073266241,FLAT
SNA,2026-10-08,358.8800048828125,28.839991498883904,FLAT
SOLV,2026-10-08,86.41000366210938,40.64575168639714,FLAT
SO,2026-10-08,86.1500015258789,52.152841463365036,FLAT
LUV,2026-10-08,41.36000061035156,49.200749449137774,FLAT
SWK,2026-10-08,89.16999816894531,44.14922179053791,FLAT
SBUX,2026-10-08,93.20999908447266,34.44277804234744,FLAT
STT,2026-10-08,175.08999633789062,36.79740685092455,FLAT
STLD,2026-10-08,234.1699981689453,49.225457265368945,FLAT
STE,2026-10-08,210.75999450683594,43.769975325174265,FLAT
SYK,2026-10-08,276.9700012207031,42.7584091519262,FLAT
SMCI,2026-10-08,42.77000045776367,56.959085073368215,FLAT
SYF,2026-10-08,73.72000122070312,49.286170243311425,FLAT
SNPS,2026-10-08,497.75,72.31923685189341,FLAT
SYY,2026-10-08,78.19999694824219,47.39780855915764,FLAT
TMUS,2026-10-08,171.30999755859375,51.9684206644361,FLAT
TROW,2026-10-08,104.2300033569336,43.70835663196407,FLAT
TTWO,2026-10-08,209.3699951171875,47.847568378417776,FLAT
TPR,2026-10-08,115.81999969482422,44.18750129900218,FLAT
TRGP,2026-10-08,288.489990234375,55.21494682690409,FLAT
TGT,2026-10-08,154.75999450683594,47.53762363023121,FLAT
TEL,2026-10-08,214.30999755859375,52.80352185192441,FLAT
TDY,2026-10-08,604.8200073242188,42.76030306144696,FLAT
TER,2026-10-08,398.7200012207031,51.41189311208316,FLAT
TSLA,2026-10-08,375.0,55.793047773223854,FLAT
TXN,2026-10-08,288.20001220703125,60.812832921145215,FLAT
TPL,2026-10-08,357.7799987792969,52.67135395878782,FLAT
TXT,2026-10-08,73.22000122070312,27.558821454723187,FLAT
TMO,2026-10-08,651.97998046875,52.14080641942177,FLAT
TJX,2026-10-08,138.75,61.629318369816815,FLAT
TKO,2026-10-08,181.6300048828125,46.655906527335326,FLAT
TSCO,2026-10-08,33.47999954223633,56.12282251287385,FLAT
TT,2026-10-08,469.94000244140625,62.08153043036508,FLAT
TDG,2026-10-08,1089.300048828125,38.82109121953382,FLAT
TRV,2026-10-08,370.2699890136719,56.512286958536194,FLAT
TRMB,2026-10-08,59.849998474121094,57.309721154133115,FLAT
TFC,2026-10-08,46.18000030517578,34.717765213571326,FLAT
TYL,2026-10-08,331.1499938964844,47.991747148125036,FLAT
TSN,2026-10-08,52.34000015258789,48.93300981011573,FLAT
USB,2026-10-08,57.029998779296875,36.096271186286664,FLAT
UBER,2026-10-08,70.23999786376953,48.035222692121515,FLAT
UDR,2026-10-08,33.56999969482422,36.856877398228455,FLAT
ULTA,2026-10-08,564.2100219726562,60.86080989167009,FLAT
UNP,2026-10-08,278.20001220703125,46.36821441556215,FLAT
UAL,2026-10-08,107.44000244140625,42.22080349929695,FLAT
UPS,2026-10-08,94.12999725341797,40.885534499191046,FLAT
URI,2026-10-08,1050.1500244140625,51.85312718792954,FLAT
UNH,2026-10-08,370.95001220703125,41.54003868826997,FLAT
UHS,2026-10-08,175.72000122070312,51.308273836576404,FLAT
VLO,2026-10-08,443.79998779296875,77.12540496148875,FLAT
VEEV,2026-10-08,284.8399963378906,62.93720597796732,FLAT
VTR,2026-10-08,81.76000213623047,32.103094594074534,FLAT
VLTO,2026-10-08,96.4800033569336,53.10972337368642,FLAT
VRSN,2026-10-08,297.7900085449219,57.91606049788721,FLAT
VRSK,2026-10-08,175.49000549316406,52.303825993122956,FLAT
VZ,2026-10-08,46.349998474121094,40.91182437952704,FLAT
VRTX,2026-10-08,503.25,39.298034294087,FLAT
VRT,2026-10-08,243.72999572753906,44.24965246224385,FLAT
VTRS,2026-10-08,17.440000534057617,53.92049754907329,FLAT
VICI,2026-10-08,22.790000915527344,31.8908754605484,FLAT
V,2026-10-08,375.1000061035156,58.881244501094045,FLAT
VST,2026-10-08,156.13999938964844,60.6519648736836,FLAT
VMRK,2026-10-08,59.97999954223633,36.214487239264585,FLAT
VMC,2026-10-08,246.25999450683594,43.88688625231575,FLAT
WRB,2026-10-08,72.05000305175781,65.9441754968772,FLAT
GWW,2026-10-08,1268.6700439453125,46.93787961867185,FLAT
WAB,2026-10-08,280.79998779296875,42.19085141113424,FLAT
WMT,2026-10-08,110.55999755859375,59.18339746461379,FLAT
DIS,2026-10-08,107.0199966430664,56.73956988248893,FLAT
WBD,2026-10-05,30.950000762939453,75.22300970406296,FLAT
WM,2026-10-08,210.10000610351562,47.66149672515839,FLAT
WAT,2026-10-08,429.1300048828125,53.1963535440232,FLAT
WEC,2026-10-08,103.61000061035156,49.710187079794444,FLAT
WFC,2026-10-08,82.02999877929688,43.73550734012673,FLAT
WELL,2026-10-08,223.0399932861328,37.32344174348463,FLAT
WST,2026-10-08,363.2699890136719,50.255736754460656,FLAT
WDC,2026-10-08,393.30999755859375,37.176187254148715,FLAT
WY,2026-10-08,19.170000076293945,31.08358237551903,FLAT
WSM,2026-10-08,239.0,58.73854878142811,FLAT
WMB,2026-10-08,72.33999633789062,54.779811399676284,FLAT
WTW,2026-10-08,297.8599853515625,43.95765580189254,FLAT
WDAY,2026-10-08,187.80999755859375,49.3976451008153,FLAT
WYNN,2026-10-08,75.29000091552734,25.822180775733443,FLAT
XEL,2026-10-08,73.36000061035156,53.2539669799305,FLAT
XYL,2026-10-08,101.98999786376953,38.07363737182462,FLAT
YUM,2026-10-08,143.0,53.510732629202536,FLAT
ZBRA,2026-10-08,382.1400146484375,64.8126009261481,FLAT
ZBH,2026-10-08,88.87999725341797,40.42544267766246,FLAT
ZTS,2026-10-08,73.08000183105469,53.33251372426101,FLAT
