symbol,entry_date,exit_date,entry_price,exit_price,roi,status,hold_days
LYB,2026-06-30,2026-08-21,53.220596631926355,67.22601082400183,0.2631577824829159,closed,52
NFLX,2026-06-26,2026-08-26,71.69000244140625,82.05000305175781,0.14451109300517895,closed,61
LDOS,2026-06-25,2026-07-29,103.37426613074088,117.36881113996974,0.13537745449655225,closed,34
DASH,2026-02-13,2026-04-20,161.2949981689453,181.63999938964844,0.12613535107513463,closed,66
FOXA,2026-02-13,2026-04-10,56.08587247392395,62.394338402231554,0.11247869828967372,closed,56
FOX,2026-02-13,2026-04-10,52.08159186446407,55.515918770265216,0.06594128141740674,closed,56
ADP,2026-02-12,2026-05-19,211.83204661611228,219.8542829201394,0.037870739730732295,closed,96
MCO,2026-02-11,2026-07-06,415.5956361389902,491.31174671594846,0.18218697212604051,closed,145
NWSA,2026-02-09,2026-04-17,22.281603758782882,25.733413797805035,0.1549174860297715,closed,67
NWS,2026-02-09,2026-04-16,25.647981293666092,29.162267719188616,0.13702000111760837,closed,66
RDDT,2026-02-09,2026-04-17,139.38999938964844,165.5050048828125,0.18735207409078614,closed,67
SPGI,2026-02-09,2026-07-06,411.51641240222295,438.58525326118803,0.06577827771424949,closed,147
IQV,2026-02-06,2026-06-02,183.1199951171875,185.0,0.010266518856170803,closed,116
VRSK,2026-02-06,2026-03-03,181.7630883670132,210.8713633925768,0.1601440385233146,closed,25
AXON,2026-02-05,2026-03-03,426.4100036621094,569.1400146484375,0.33472481827473377,closed,26
BSX,2026-02-05,2026-08-04,77.3499984741211,48.11000061035156,-0.3780219578614772,closed,180
COIN,2026-02-05,2026-04-21,160.42999267578125,211.1999969482422,0.3164620494315167,closed,75
HOOD,2026-02-05,2026-04-16,77.66999816894531,89.19000244140625,0.14831987310470884,closed,70
TTWO,2026-02-05,2026-04-23,201.77999877929688,215.00999450683594,0.06556643774197757,closed,77
BR,2026-02-04,2026-07-30,186.27528979546443,155.28357332456986,-0.16637588648995993,closed,176
FDS,2026-02-04,2026-04-22,216.99999434982092,241.82433058688392,0.11439786582226463,closed,77
IT,2026-02-04,2026-06-02,157.17999267578125,174.47999572753906,0.11006491829684029,closed,118
GEN,2026-02-04,2026-05-11,21.88775259007049,22.46009177491216,0.026148832891199403,closed,96
ISRG,2026-02-04,2026-09-23,480.1099853515625,400.8800048828125,-0.1650246461979613,closed,231
PYPL,2026-02-04,2026-04-16,41.23630005142232,48.112171995294666,0.1667431834402704,closed,71
CRM,2026-02-04,2026-06-02,191.99355802814804,200.15039010746074,0.042484925864631595,closed,118
WDAY,2026-02-04,2026-06-01,159.0,152.0,-0.04402515723270439,closed,117
TYL,2026-02-03,2026-08-24,362.20001220703125,353.20001220703125,-0.024848149355819582,closed,202
FIS,2026-01-30,2026-07-30,53.464375935542314,45.4844438985073,-0.14925699397774272,closed,181
HUM,2026-01-29,2026-04-08,194.52081668755025,199.00050976337485,0.023029376249330324,closed,69
ROP,2026-01-28,2026-07-02,365.1873764974014,355.5614453839637,-0.026358882406512074,closed,155
ABT,2026-01-23,2026-07-20,106.8330179854355,100.69999694824219,-0.05740754265717207,closed,178
NFLX,2026-01-23,2026-03-02,83.43000030517578,95.26000213623047,0.1417955386285763,closed,38
AAPL,2026-01-21,2026-02-05,248.02489020045314,277.37501624935936,0.11833540587473101,closed,15
INTU,2026-01-21,2026-07-30,528.0220108882387,317.0,-0.3996462392415374,closed,190
NOW,2026-01-20,2026-06-01,126.56999969482422,135.77000427246094,0.07268708698600812,closed,132
GDDY,2026-01-14,2026-07-17,108.70999908447266,95.16000366210938,-0.12464350599280494,closed,184
VEEV,2025-12-15,2026-06-02,223.86000061035156,184.74000549316406,-0.1747520549027397,closed,169
DRI,2025-09-22,2025-12-18,179.12817318147913,193.46712161400137,0.08004853830555803,closed,87
FDS,2025-09-19,2025-12-18,299.14319937155847,298.5488489018827,-0.001986842659048804,closed,90
BRO,2025-07-30,2026-06-29,92.95211935281984,63.91204244716436,-0.3124197394082817,closed,334
CHTR,2025-07-30,2026-02-05,280.45001220703125,223.1199951171875,-0.20442151754132254,closed,190
IT,2025-07-16,2025-12-18,360.510009765625,252.0500030517578,-0.30085158185865424,closed,155
BF-B,2025-06-06,2025-12-02,26.242431583722407,28.654625283689327,0.09191959564688923,closed,179
IFF,2024-11-07,2025-10-27,84.38274023215884,64.47464944886552,-0.23592609968011213,closed,354
DOW,2026-07-01,,26.492559781541885,28.420000076293945,0.0727540226631842,open,100
CSGP,2026-02-13,,45.34000015258789,29.670000076293945,-0.34561094008729376,open,238
